{
    "name": "ECE3011_SoftDemo_11_07_2023",
    "description": "",
    "dependencies": {
        "core": "*",
        "radio": "*",
        "microphone": "*",
        "servo": "*",
        "midi": "github:microsoft/pxt-midi#v2.2.0"
    },
    "files": [
        "main.blocks",
        "main.ts",
        "README.md",
        "main.py"
    ],
    "testFiles": [
        "test.ts"
    ],
    "targetVersions": {
        "target": "6.0.19",
        "targetId": "microbit"
    },
    "supportedTargets": [
        "microbit"
    ],
    "preferredEditor": "blocksprj"
}
